person,company,since,role
Anna Schmidt,GraphWorks,2018,Backend Engineer
Marek Nowak,GraphWorks,2019,Data Engineer
Lucia Ferreira,DataForge,2016,Data Scientist
Tom Becker,CloudNine,2021,DevOps Engineer
Elena Kowalski,DataForge,2014,Engineering Manager
James Silva,ByteLabs,2020,ML Researcher
Nina Wagner,CloudNine,2019,Site Reliability Engineer
Piotr Zielinski,GraphWorks,2022,Software Engineer
Sofia Alves,ByteLabs,2021,Research Scientist
David Klein,DataForge,2013,Principal Engineer
Marta Kaminska,CloudNine,2023,Junior Developer
Chris Johnson,ByteLabs,2020,Platform Engineer
